{"cameraMode":{"drawMode":0,"name":"Shaded","section":"Shading Mode"},"sceneLighting":true,"audioPlay":false,"sceneViewState":{"m_AlwaysRefresh":false,"showFog":true,"showSkybox":true,"showFlares":true,"showImageEffects":true,"showParticleSystems":true,"showVisualEffectGraphs":true,"m_FxEnabled":true},"in2DMode":false,"pivot":{"x":6.017007827758789,"y":0.8428072929382324,"z":2.043595314025879},"rotation":{"x":0.012606928125023842,"y":-0.9760810136795044,"z":0.20880934596061707,"w":0.058923762291669849},"size":1.5214898586273194,"orthographic":false}